{
  "count": 171,
  "pad": 4,
  "transparent": true,
  "boundaries": [
    0.38596491228070173,
    0.7543859649122807
  ]
}